ALTER DATABASE lprcrm CHARACTER SET utf8 COLLATE utf8_general_ci;
delete from lead_seq;
delete from leadsource_seq;
delete from account_seq;
delete from client_seq;
delete from branch_seq;
delete from project_seq;
delete from position_seq;
delete from candidate_seq;
delete from role_seq;
delete from nationality_seq;
delete from package_seq;

INSERT INTO `account` (`id`, `enabled`, `firstname`, `lastname`, `password`, `reserved`, `username`) VALUES (-2,0x01,'chom','poo','$2a$10$RQdq1rgkiSCBHZXYhp3dJepAH0tUdQUhaX506WypA4vTXvo.BICVa',0,'superadmin');
INSERT INTO `account` (`id`, `enabled`, `firstname`, `lastname`, `password`, `reserved`, `username`) VALUES (-1,0x01,'piyawat','sakornsukkit','$2a$10$MTFVrdqbHOi.CCUhkrkZnOBdrZEfk3gzIUyZBdQvLWvdF/0pnkEO2',0,'admin');
INSERT INTO `account` (`id`, `enabled`, `firstname`, `lastname`, `password`, `reserved`, `username`) VALUES (0,0x01,'kornkanok','chantree','$2a$10$6KDklkImZgGANWR8pDAwSexf6Bt4Z9I0nDiwdih9Q38HI4eAkWk0u',0,'user');
INSERT INTO `account` (`id`, `enabled`, `firstname`, `lastname`, `password`, `reserved`, `username`) VALUES (5,0x01,'Nichapat','Kumsornta','$2a$10$FDGvpCc/3ad43UyChL8y3.wiP7QGyVBc67KctxPuTbS4fdhi7rs4u',0,'nichapat.k');
INSERT INTO `account` (`id`, `enabled`, `firstname`, `lastname`, `password`, `reserved`, `username`) VALUES (7,0x01,'Prasittichai','Pliansri','$2a$10$4rZiJaUopnI2E4/p3Qb7j.0lF74eaGxxB/qcuBbvLYHJXuAHQC1Oy',0,'prasittichai.p');
INSERT INTO `account_roles` (`account_id`, `roles_role_id`) VALUES (-2,1);
INSERT INTO `account_roles` (`account_id`, `roles_role_id`) VALUES (-1,2);
INSERT INTO `account_roles` (`account_id`, `roles_role_id`) VALUES (0,3);
INSERT INTO `account_roles` (`account_id`, `roles_role_id`) VALUES (5,3);
INSERT INTO `account_roles` (`account_id`, `roles_role_id`) VALUES (7,2);
INSERT INTO `account_seq` (`next_val`) VALUES (8);
INSERT INTO `branch` (`id`, `name`) VALUES (1,'1');
INSERT INTO `branch_projects` (`branch_id`, `projects_id`) VALUES (1,1);
INSERT INTO `branch_seq` (`next_val`) VALUES (2);
INSERT INTO `candidate` (`id`, `date`, `date_of_birth`, `note`, `register_date`, `salary`, `status`, `branch_id`, `client_id`, `lead_id`, `nationality_id`, `owner_id`, `position_id`, `project_id`) VALUES (1,'2019-04-22 11:11:00','2019-05-03 00:00:00','dfwef','2019-04-19 23:27:30',1234,'garanteeneed',1,1,0,1,-1,1,1);
INSERT INTO `candidate` (`id`, `date`, `date_of_birth`, `note`, `register_date`, `salary`, `status`, `branch_id`, `client_id`, `lead_id`, `nationality_id`, `owner_id`, `position_id`, `project_id`) VALUES (2,'2019-04-24 11:11:00','2019-05-02 00:00:00',NULL,'2019-04-19 23:27:33',NULL,'clientinterview',1,1,1,1,-1,1,1);
INSERT INTO `candidate` (`id`, `date`, `date_of_birth`, `note`, `register_date`, `salary`, `status`, `branch_id`, `client_id`, `lead_id`, `nationality_id`, `owner_id`, `position_id`, `project_id`) VALUES (3,'2019-04-30 11:11:00','2019-05-03 00:00:00',NULL,'2019-04-19 23:27:35',NULL,'clientinterview',1,1,2,1,-1,1,1);
INSERT INTO `candidate` (`id`, `date`, `date_of_birth`, `note`, `register_date`, `salary`, `status`, `branch_id`, `client_id`, `lead_id`, `nationality_id`, `owner_id`, `position_id`, `project_id`) VALUES (4,'2019-04-29 11:11:00','2019-05-02 00:00:00',NULL,'2019-04-19 23:27:38',NULL,'clientinterview',1,1,3,1,-1,1,1);
INSERT INTO `candidate` (`id`, `date`, `date_of_birth`, `note`, `register_date`, `salary`, `status`, `branch_id`, `client_id`, `lead_id`, `nationality_id`, `owner_id`, `position_id`, `project_id`) VALUES (5,'2019-04-27 11:11:00','2019-05-01 00:00:00',NULL,'2019-04-19 23:27:41',NULL,'clientinterview',1,1,4,1,-1,1,1);
INSERT INTO `candidate` (`id`, `date`, `date_of_birth`, `note`, `register_date`, `salary`, `status`, `branch_id`, `client_id`, `lead_id`, `nationality_id`, `owner_id`, `position_id`, `project_id`) VALUES (6,'2019-04-26 11:11:00','2019-05-03 00:00:00',NULL,'2019-04-19 23:27:45',NULL,'clientinterview',1,1,6,1,-1,1,1);
INSERT INTO `candidate` (`id`, `date`, `date_of_birth`, `note`, `register_date`, `salary`, `status`, `branch_id`, `client_id`, `lead_id`, `nationality_id`, `owner_id`, `position_id`, `project_id`) VALUES (7,'2019-04-27 11:11:00','2019-05-03 00:00:00',NULL,'2019-04-19 23:27:51',NULL,'clientinterview',1,1,7,1,-1,1,1);
INSERT INTO `candidate` (`id`, `date`, `date_of_birth`, `note`, `register_date`, `salary`, `status`, `branch_id`, `client_id`, `lead_id`, `nationality_id`, `owner_id`, `position_id`, `project_id`) VALUES (8,'2019-04-27 11:00:00','2019-05-01 00:00:00',NULL,'2019-04-19 23:27:53',NULL,'clientinterview',1,1,8,1,-1,1,1);
INSERT INTO `candidate` (`id`, `date`, `date_of_birth`, `note`, `register_date`, `salary`, `status`, `branch_id`, `client_id`, `lead_id`, `nationality_id`, `owner_id`, `position_id`, `project_id`) VALUES (-40,'2019-05-05 11:12:00','2019-05-01 00:00:00',NULL,'2019-05-04 06:53:40',10,'firstday',1,1,-40,1,0,1,1);
INSERT INTO `candidate` (`id`, `date`, `date_of_birth`, `note`, `register_date`, `salary`, `status`, `branch_id`, `client_id`, `lead_id`, `nationality_id`, `owner_id`, `position_id`, `project_id`) VALUES (-39,'2019-05-05 11:11:00',NULL,NULL,'2019-05-04 08:06:01',1234,'trainingcomplete',1,1,-39,NULL,0,1,1);
INSERT INTO `candidate_seq` (`next_val`) VALUES (59);
INSERT INTO `client` (`id`, `name`) VALUES (1,'ก');
INSERT INTO `client_branches` (`client_id`, `branches_id`) VALUES (1,1);
INSERT INTO `client_seq` (`next_val`) VALUES (2);
INSERT INTO `lead` (`id`, `datetime`, `enabled`, `mobile`, `name`, `nickname`, `status`, `surname`, `addby_id`, `candidate_id`, `source_id`) VALUES (0,NULL,0x01,'1111111111','Piyawat','Not','pass','Sakornsukkit',0,1,-1);
INSERT INTO `lead` (`id`, `datetime`, `enabled`, `mobile`, `name`, `nickname`, `status`, `surname`, `addby_id`, `candidate_id`, `source_id`) VALUES (1,NULL,0x01,'0811111111','Kornkanok','pai','pass','Chantree',-2,2,-2);
INSERT INTO `lead` (`id`, `datetime`, `enabled`, `mobile`, `name`, `nickname`, `status`, `surname`, `addby_id`, `candidate_id`, `source_id`) VALUES (2,'2019-04-22 11:11:00',0x01,'111111111','a','a','pass','a',-1,3,-2);
INSERT INTO `lead` (`id`, `datetime`, `enabled`, `mobile`, `name`, `nickname`, `status`, `surname`, `addby_id`, `candidate_id`, `source_id`) VALUES (3,'2019-04-21 11:11:00',0x01,'111111111','b','b','pass','b',-1,4,-2);
INSERT INTO `lead` (`id`, `datetime`, `enabled`, `mobile`, `name`, `nickname`, `status`, `surname`, `addby_id`, `candidate_id`, `source_id`) VALUES (4,'2019-04-20 11:11:00',0x01,'111111111','c','c','pass','c',-1,5,-2);
INSERT INTO `lead` (`id`, `datetime`, `enabled`, `mobile`, `name`, `nickname`, `status`, `surname`, `addby_id`, `candidate_id`, `source_id`) VALUES (5,'2019-05-05 10:10:00',0x01,'000000000','d','d','appoint','d',-1,NULL,-2);
INSERT INTO `lead` (`id`, `datetime`, `enabled`, `mobile`, `name`, `nickname`, `status`, `surname`, `addby_id`, `candidate_id`, `source_id`) VALUES (6,'2019-04-30 11:11:00',0x01,'111111111','e','e','pass','e',-1,6,-2);
INSERT INTO `lead` (`id`, `datetime`, `enabled`, `mobile`, `name`, `nickname`, `status`, `surname`, `addby_id`, `candidate_id`, `source_id`) VALUES (7,'2019-04-29 11:11:00',0x01,'1111111111','f','f','pass','f',-1,7,-2);
INSERT INTO `lead` (`id`, `datetime`, `enabled`, `mobile`, `name`, `nickname`, `status`, `surname`, `addby_id`, `candidate_id`, `source_id`) VALUES (8,'2019-04-28 11:11:00',0x01,'1111111111','g','g','pass','g',-1,8,-2);
INSERT INTO `lead` (`id`, `datetime`, `enabled`, `mobile`, `name`, `nickname`, `status`, `surname`, `addby_id`, `candidate_id`, `source_id`) VALUES (-40,'2019-05-05 11:11:38',0x01,'0000000000','d','d','pass','d',0,-40,-2);
INSERT INTO `lead` (`id`, `datetime`, `enabled`, `mobile`, `name`, `nickname`, `status`, `surname`, `addby_id`, `candidate_id`, `source_id`) VALUES (-39,'2019-05-05 11:11:51',0x01,'0000000000','a','a','pass','a',0,-39,-2);
INSERT INTO `lead_seq` (`next_val`) VALUES (59);
INSERT INTO `lead_source` (`id`, `cost`, `createdate`, `name`) VALUES (-2,10000,'2019-02-12 22:53:22','A');
INSERT INTO `lead_source` (`id`, `cost`, `createdate`, `name`) VALUES (-1,10000,'2019-02-12 22:53:25','B');
INSERT INTO `lead_source` (`id`, `cost`, `createdate`, `name`) VALUES (6,1000,'2019-02-25 16:44:00','Thai Job');
INSERT INTO `leadsource_seq` (`next_val`) VALUES (7);
INSERT INTO `lprpackage` (`id`, `data`, `name`, `type`) VALUES (1,'1,1000,6,1500,11,2000','flat A','flat');
INSERT INTO `lprpackage` (`id`, `data`, `name`, `type`) VALUES (2,'16,5000,20,7000','flat B','flat');
INSERT INTO `lprpackage` (`id`, `data`, `name`, `type`) VALUES (-46,'0,0','percent A','percent');
INSERT INTO `lprpackage` (`id`, `data`, `name`, `type`) VALUES (-45,'0,0','contract A','contract');
INSERT INTO `nationality` (`id`, `name`) VALUES (1,'Afghan');
INSERT INTO `nationality` (`id`, `name`) VALUES (2,'Albanian');
INSERT INTO `nationality` (`id`, `name`) VALUES (3,'Algerian');
INSERT INTO `nationality` (`id`, `name`) VALUES (4,'American');
INSERT INTO `nationality` (`id`, `name`) VALUES (5,'Andorran');
INSERT INTO `nationality` (`id`, `name`) VALUES (6,'Angolan');
INSERT INTO `nationality` (`id`, `name`) VALUES (7,'Antiguans');
INSERT INTO `nationality` (`id`, `name`) VALUES (8,'Argentinean');
INSERT INTO `nationality` (`id`, `name`) VALUES (9,'Armenian');
INSERT INTO `nationality` (`id`, `name`) VALUES (10,'Australian');
INSERT INTO `nationality` (`id`, `name`) VALUES (11,'Austrian');
INSERT INTO `nationality` (`id`, `name`) VALUES (12,'Azerbaijani');
INSERT INTO `nationality` (`id`, `name`) VALUES (13,'Bahamian');
INSERT INTO `nationality` (`id`, `name`) VALUES (14,'Bahraini');
INSERT INTO `nationality` (`id`, `name`) VALUES (15,'Bangladeshi');
INSERT INTO `nationality` (`id`, `name`) VALUES (16,'Barbadian');
INSERT INTO `nationality` (`id`, `name`) VALUES (17,'Barbudans');
INSERT INTO `nationality` (`id`, `name`) VALUES (18,'Batswana');
INSERT INTO `nationality` (`id`, `name`) VALUES (19,'Belarusian');
INSERT INTO `nationality` (`id`, `name`) VALUES (20,'Belgian');
INSERT INTO `nationality` (`id`, `name`) VALUES (21,'Belizean');
INSERT INTO `nationality` (`id`, `name`) VALUES (22,'Beninese');
INSERT INTO `nationality` (`id`, `name`) VALUES (23,'Bhutanese');
INSERT INTO `nationality` (`id`, `name`) VALUES (24,'Bolivian');
INSERT INTO `nationality` (`id`, `name`) VALUES (25,'Bosnian');
INSERT INTO `nationality` (`id`, `name`) VALUES (26,'Brazilian');
INSERT INTO `nationality` (`id`, `name`) VALUES (27,'British');
INSERT INTO `nationality` (`id`, `name`) VALUES (28,'Bruneian');
INSERT INTO `nationality` (`id`, `name`) VALUES (29,'Bulgarian');
INSERT INTO `nationality` (`id`, `name`) VALUES (30,'Burkinabe');
INSERT INTO `nationality` (`id`, `name`) VALUES (31,'Burmese');
INSERT INTO `nationality` (`id`, `name`) VALUES (32,'Burundian');
INSERT INTO `nationality` (`id`, `name`) VALUES (33,'Cambodian');
INSERT INTO `nationality` (`id`, `name`) VALUES (34,'Cameroonian');
INSERT INTO `nationality` (`id`, `name`) VALUES (35,'Canadian');
INSERT INTO `nationality` (`id`, `name`) VALUES (36,'Cape Verdean');
INSERT INTO `nationality` (`id`, `name`) VALUES (37,'Central African');
INSERT INTO `nationality` (`id`, `name`) VALUES (38,'Chadian');
INSERT INTO `nationality` (`id`, `name`) VALUES (39,'Chilean');
INSERT INTO `nationality` (`id`, `name`) VALUES (40,'Chinese');
INSERT INTO `nationality` (`id`, `name`) VALUES (41,'Colombian');
INSERT INTO `nationality` (`id`, `name`) VALUES (42,'Comoran');
INSERT INTO `nationality` (`id`, `name`) VALUES (43,'Congolese');
INSERT INTO `nationality` (`id`, `name`) VALUES (44,'Costa Rican');
INSERT INTO `nationality` (`id`, `name`) VALUES (45,'Croatian');
INSERT INTO `nationality` (`id`, `name`) VALUES (46,'Cuban');
INSERT INTO `nationality` (`id`, `name`) VALUES (47,'Cypriot');
INSERT INTO `nationality` (`id`, `name`) VALUES (48,'Czech');
INSERT INTO `nationality` (`id`, `name`) VALUES (49,'Danish');
INSERT INTO `nationality` (`id`, `name`) VALUES (50,'Djibouti');
INSERT INTO `nationality` (`id`, `name`) VALUES (51,'Dominican');
INSERT INTO `nationality` (`id`, `name`) VALUES (52,'Dutch');
INSERT INTO `nationality` (`id`, `name`) VALUES (53,'East Timorese');
INSERT INTO `nationality` (`id`, `name`) VALUES (54,'Ecuadorean');
INSERT INTO `nationality` (`id`, `name`) VALUES (55,'Egyptian');
INSERT INTO `nationality` (`id`, `name`) VALUES (56,'Emirian');
INSERT INTO `nationality` (`id`, `name`) VALUES (57,'Equatorial Guinean');
INSERT INTO `nationality` (`id`, `name`) VALUES (58,'Eritrean');
INSERT INTO `nationality` (`id`, `name`) VALUES (59,'Estonian');
INSERT INTO `nationality` (`id`, `name`) VALUES (60,'Ethiopian');
INSERT INTO `nationality` (`id`, `name`) VALUES (61,'Fijian');
INSERT INTO `nationality` (`id`, `name`) VALUES (62,'Filipino');
INSERT INTO `nationality` (`id`, `name`) VALUES (63,'Finnish');
INSERT INTO `nationality` (`id`, `name`) VALUES (64,'French');
INSERT INTO `nationality` (`id`, `name`) VALUES (65,'Gabonese');
INSERT INTO `nationality` (`id`, `name`) VALUES (66,'Gambian');
INSERT INTO `nationality` (`id`, `name`) VALUES (67,'Georgian');
INSERT INTO `nationality` (`id`, `name`) VALUES (68,'German');
INSERT INTO `nationality` (`id`, `name`) VALUES (69,'Ghanaian');
INSERT INTO `nationality` (`id`, `name`) VALUES (70,'Greek');
INSERT INTO `nationality` (`id`, `name`) VALUES (71,'Grenadian');
INSERT INTO `nationality` (`id`, `name`) VALUES (72,'Guatemalan');
INSERT INTO `nationality` (`id`, `name`) VALUES (73,'Guinea-Bissauan');
INSERT INTO `nationality` (`id`, `name`) VALUES (74,'Guinean');
INSERT INTO `nationality` (`id`, `name`) VALUES (75,'Guyanese');
INSERT INTO `nationality` (`id`, `name`) VALUES (76,'Haitian');
INSERT INTO `nationality` (`id`, `name`) VALUES (77,'Herzegovinian');
INSERT INTO `nationality` (`id`, `name`) VALUES (78,'Honduran');
INSERT INTO `nationality` (`id`, `name`) VALUES (79,'Hungarian');
INSERT INTO `nationality` (`id`, `name`) VALUES (80,'I-Kiribati');
INSERT INTO `nationality` (`id`, `name`) VALUES (81,'Icelander');
INSERT INTO `nationality` (`id`, `name`) VALUES (82,'Indian');
INSERT INTO `nationality` (`id`, `name`) VALUES (83,'Indonesian');
INSERT INTO `nationality` (`id`, `name`) VALUES (84,'Iranian');
INSERT INTO `nationality` (`id`, `name`) VALUES (85,'Iraqi');
INSERT INTO `nationality` (`id`, `name`) VALUES (86,'Irish');
INSERT INTO `nationality` (`id`, `name`) VALUES (87,'Israeli');
INSERT INTO `nationality` (`id`, `name`) VALUES (88,'Italian');
INSERT INTO `nationality` (`id`, `name`) VALUES (89,'Ivorian');
INSERT INTO `nationality` (`id`, `name`) VALUES (90,'Jamaican');
INSERT INTO `nationality` (`id`, `name`) VALUES (91,'Japanese');
INSERT INTO `nationality` (`id`, `name`) VALUES (92,'Jordanian');
INSERT INTO `nationality` (`id`, `name`) VALUES (93,'Kazakhstani');
INSERT INTO `nationality` (`id`, `name`) VALUES (94,'Kenyan');
INSERT INTO `nationality` (`id`, `name`) VALUES (95,'Kittian and Nevisian');
INSERT INTO `nationality` (`id`, `name`) VALUES (96,'Kuwaiti');
INSERT INTO `nationality` (`id`, `name`) VALUES (97,'Kyrgyz');
INSERT INTO `nationality` (`id`, `name`) VALUES (98,'Laotian');
INSERT INTO `nationality` (`id`, `name`) VALUES (99,'Latvian');
INSERT INTO `nationality` (`id`, `name`) VALUES (100,'Lebanese');
INSERT INTO `nationality` (`id`, `name`) VALUES (101,'Liberian');
INSERT INTO `nationality` (`id`, `name`) VALUES (102,'Libyan');
INSERT INTO `nationality` (`id`, `name`) VALUES (103,'Liechtensteiner');
INSERT INTO `nationality` (`id`, `name`) VALUES (104,'Lithuanian');
INSERT INTO `nationality` (`id`, `name`) VALUES (105,'Luxembourger');
INSERT INTO `nationality` (`id`, `name`) VALUES (106,'Macedonian');
INSERT INTO `nationality` (`id`, `name`) VALUES (107,'Malagasy');
INSERT INTO `nationality` (`id`, `name`) VALUES (108,'Malawian');
INSERT INTO `nationality` (`id`, `name`) VALUES (109,'Malaysian');
INSERT INTO `nationality` (`id`, `name`) VALUES (110,'Maldivian');
INSERT INTO `nationality` (`id`, `name`) VALUES (111,'Malian');
INSERT INTO `nationality` (`id`, `name`) VALUES (112,'Maltese');
INSERT INTO `nationality` (`id`, `name`) VALUES (113,'Marshallese');
INSERT INTO `nationality` (`id`, `name`) VALUES (114,'Mauritanian');
INSERT INTO `nationality` (`id`, `name`) VALUES (115,'Mauritian');
INSERT INTO `nationality` (`id`, `name`) VALUES (116,'Mexican');
INSERT INTO `nationality` (`id`, `name`) VALUES (117,'Micronesian');
INSERT INTO `nationality` (`id`, `name`) VALUES (118,'Moldovan');
INSERT INTO `nationality` (`id`, `name`) VALUES (119,'Monacan');
INSERT INTO `nationality` (`id`, `name`) VALUES (120,'Mongolian');
INSERT INTO `nationality` (`id`, `name`) VALUES (121,'Moroccan');
INSERT INTO `nationality` (`id`, `name`) VALUES (122,'Mosotho');
INSERT INTO `nationality` (`id`, `name`) VALUES (123,'Motswana');
INSERT INTO `nationality` (`id`, `name`) VALUES (124,'Mozambican');
INSERT INTO `nationality` (`id`, `name`) VALUES (125,'Namibian');
INSERT INTO `nationality` (`id`, `name`) VALUES (126,'Nauruan');
INSERT INTO `nationality` (`id`, `name`) VALUES (127,'Nepalese');
INSERT INTO `nationality` (`id`, `name`) VALUES (128,'New Zealander');
INSERT INTO `nationality` (`id`, `name`) VALUES (129,'Ni-Vanuatu');
INSERT INTO `nationality` (`id`, `name`) VALUES (130,'Nicaraguan');
INSERT INTO `nationality` (`id`, `name`) VALUES (131,'Nigerian');
INSERT INTO `nationality` (`id`, `name`) VALUES (132,'Nigerien');
INSERT INTO `nationality` (`id`, `name`) VALUES (133,'North Korean');
INSERT INTO `nationality` (`id`, `name`) VALUES (134,'Northern Irish');
INSERT INTO `nationality` (`id`, `name`) VALUES (135,'Norwegian');
INSERT INTO `nationality` (`id`, `name`) VALUES (136,'Omani');
INSERT INTO `nationality` (`id`, `name`) VALUES (137,'Pakistani');
INSERT INTO `nationality` (`id`, `name`) VALUES (138,'Palauan');
INSERT INTO `nationality` (`id`, `name`) VALUES (139,'Panamanian');
INSERT INTO `nationality` (`id`, `name`) VALUES (140,'Papua New Guinean');
INSERT INTO `nationality` (`id`, `name`) VALUES (141,'Paraguayan');
INSERT INTO `nationality` (`id`, `name`) VALUES (142,'Peruvian');
INSERT INTO `nationality` (`id`, `name`) VALUES (143,'Polish');
INSERT INTO `nationality` (`id`, `name`) VALUES (144,'Portuguese');
INSERT INTO `nationality` (`id`, `name`) VALUES (145,'Qatari');
INSERT INTO `nationality` (`id`, `name`) VALUES (146,'Romanian');
INSERT INTO `nationality` (`id`, `name`) VALUES (147,'Russian');
INSERT INTO `nationality` (`id`, `name`) VALUES (148,'Rwandan');
INSERT INTO `nationality` (`id`, `name`) VALUES (149,'Saint Lucian');
INSERT INTO `nationality` (`id`, `name`) VALUES (150,'Salvadoran');
INSERT INTO `nationality` (`id`, `name`) VALUES (151,'Samoan');
INSERT INTO `nationality` (`id`, `name`) VALUES (152,'San Marinese');
INSERT INTO `nationality` (`id`, `name`) VALUES (153,'Sao Tomean');
INSERT INTO `nationality` (`id`, `name`) VALUES (154,'Saudi');
INSERT INTO `nationality` (`id`, `name`) VALUES (155,'Scottish');
INSERT INTO `nationality` (`id`, `name`) VALUES (156,'Senegalese');
INSERT INTO `nationality` (`id`, `name`) VALUES (157,'Serbian');
INSERT INTO `nationality` (`id`, `name`) VALUES (158,'Seychellois');
INSERT INTO `nationality` (`id`, `name`) VALUES (159,'Sierra Leonean');
INSERT INTO `nationality` (`id`, `name`) VALUES (160,'Singaporean');
INSERT INTO `nationality` (`id`, `name`) VALUES (161,'Slovakian');
INSERT INTO `nationality` (`id`, `name`) VALUES (162,'Slovenian');
INSERT INTO `nationality` (`id`, `name`) VALUES (163,'Solomon Islander');
INSERT INTO `nationality` (`id`, `name`) VALUES (164,'Somali');
INSERT INTO `nationality` (`id`, `name`) VALUES (165,'South African');
INSERT INTO `nationality` (`id`, `name`) VALUES (166,'South Korean');
INSERT INTO `nationality` (`id`, `name`) VALUES (167,'Spanish');
INSERT INTO `nationality` (`id`, `name`) VALUES (168,'Sri Lankan');
INSERT INTO `nationality` (`id`, `name`) VALUES (169,'Sudanese');
INSERT INTO `nationality` (`id`, `name`) VALUES (170,'Surinamer');
INSERT INTO `nationality` (`id`, `name`) VALUES (171,'Swazi');
INSERT INTO `nationality` (`id`, `name`) VALUES (172,'Swedish');
INSERT INTO `nationality` (`id`, `name`) VALUES (173,'Swiss');
INSERT INTO `nationality` (`id`, `name`) VALUES (174,'Syrian');
INSERT INTO `nationality` (`id`, `name`) VALUES (175,'Taiwanese');
INSERT INTO `nationality` (`id`, `name`) VALUES (176,'Tajik');
INSERT INTO `nationality` (`id`, `name`) VALUES (177,'Tanzanian');
INSERT INTO `nationality` (`id`, `name`) VALUES (178,'Thai');
INSERT INTO `nationality` (`id`, `name`) VALUES (179,'Togolese');
INSERT INTO `nationality` (`id`, `name`) VALUES (180,'Tongan');
INSERT INTO `nationality` (`id`, `name`) VALUES (181,'Trinidadian or Tobagonian');
INSERT INTO `nationality` (`id`, `name`) VALUES (182,'Tunisian');
INSERT INTO `nationality` (`id`, `name`) VALUES (183,'Turkish');
INSERT INTO `nationality` (`id`, `name`) VALUES (184,'Tuvaluan');
INSERT INTO `nationality` (`id`, `name`) VALUES (185,'Ugandan');
INSERT INTO `nationality` (`id`, `name`) VALUES (186,'Ukrainian');
INSERT INTO `nationality` (`id`, `name`) VALUES (187,'Uruguayan');
INSERT INTO `nationality` (`id`, `name`) VALUES (188,'Uzbekistani');
INSERT INTO `nationality` (`id`, `name`) VALUES (189,'Venezuelan');
INSERT INTO `nationality` (`id`, `name`) VALUES (190,'Vietnamese');
INSERT INTO `nationality` (`id`, `name`) VALUES (191,'Welsh');
INSERT INTO `nationality` (`id`, `name`) VALUES (192,'Yemenite');
INSERT INTO `nationality` (`id`, `name`) VALUES (193,'Zambian');
INSERT INTO `nationality` (`id`, `name`) VALUES (194,'Zimbabwean');
INSERT INTO `nationality_seq` (`next_val`) VALUES (195);
INSERT INTO `package_seq` (`next_val`) VALUES (53);
INSERT INTO `position` (`id`, `name`, `lpr_package_id`) VALUES (1,'1',1);
INSERT INTO `position_seq` (`next_val`) VALUES (2);
INSERT INTO `project` (`id`, `name`) VALUES (1,'1');
INSERT INTO `project_positions` (`project_id`, `positions_id`) VALUES (1,1);
INSERT INTO `project_seq` (`next_val`) VALUES (2);
INSERT INTO `role` (`role_id`, `description`, `level`, `name`) VALUES (1,'description for role admin',0,'superadmin');
INSERT INTO `role` (`role_id`, `description`, `level`, `name`) VALUES (2,'description for role admin',1,'admin');
INSERT INTO `role` (`role_id`, `description`, `level`, `name`) VALUES (3,'description for role user',2,'user');
INSERT INTO `role_seq` (`next_val`) VALUES (4);
